,camper_id,session_id,zipcode,county_id,county,state,state_long_name,cases_per_100k_county,date_county,positive_of_total_state,increase_per_100k_state,date_state
0,2424030,western_expedition,28601,37035,Catawba,NC,North Carolina,69.17,2020-12-03,6.943712508276273,53.75,2020-12-03
1,2587669,session_2,37350,47065,Hamilton,TN,Tennessee,285.55,2020-12-03,8.393438256716175,58.09,2020-12-03
2,2601673,leadership_in_training_(lit)_1,32746,12117,Seminole,FL,Florida,62.03,2020-12-03,13.702693708004492,49.61,2020-12-03
3,2683141,western_expedition,29464,45019,Charleston,SC,South Carolina,394.51,2020-12-03,9.107958025397085,43.27,2020-12-03
4,2748592,western_expedition,27608,37183,Wake,NC,North Carolina,294.14,2020-12-03,6.943712508276273,53.75,2020-12-03
5,2790994,blue_ridge_2,27612,37183,Wake,NC,North Carolina,294.14,2020-12-03,6.943712508276273,53.75,2020-12-03
6,3015204,outer_banks_1,29407,45019,Charleston,SC,South Carolina,394.51,2020-12-03,9.107958025397085,43.27,2020-12-03
7,3565475,leadership_in_training_(lit)_1,30030,13089,DeKalb,GA,Georgia,269.65,2020-12-03,9.856402523276167,41.19,2020-12-03
8,3691983,session_3,29464,45019,Charleston,SC,South Carolina,394.51,2020-12-03,9.107958025397085,43.27,2020-12-03
9,3872280,outer_banks_2,28211,37119,Mecklenburg,NC,North Carolina,428.91,2020-12-03,6.943712508276273,53.75,2020-12-03
10,4159192,blue_ridge_2,30606,13059,Clarke,GA,Georgia,77.25,2020-12-03,9.856402523276167,41.19,2020-12-03
11,4211087,western_expedition,44145,39035,Cuyahoga,OH,Ohio,373.34,2020-12-03,7.125882743923093,76.32,2020-12-03
12,4254427,session_3,29607,45045,Greenville,SC,South Carolina,480.28,2020-12-03,9.107958025397085,43.27,2020-12-03
13,4257962,leadership_in_training_(lit)_1,27510,37135,Orange,NC,North Carolina,38.07,2020-12-03,6.943712508276273,53.75,2020-12-03
14,4284256,session_3,29401,45019,Charleston,SC,South Carolina,394.51,2020-12-03,9.107958025397085,43.27,2020-12-03
15,4294687,session_3,29401,45019,Charleston,SC,South Carolina,394.51,2020-12-03,9.107958025397085,43.27,2020-12-03
16,4399457,blue_ridge_1,29407,45019,Charleston,SC,South Carolina,394.51,2020-12-03,9.107958025397085,43.27,2020-12-03
17,4420040,western_expedition,29401,45019,Charleston,SC,South Carolina,394.51,2020-12-03,9.107958025397085,43.27,2020-12-03
18,4539502,outer_banks_2,30601,13059,Clarke,GA,Georgia,77.25,2020-12-03,9.856402523276167,41.19,2020-12-03
19,4700291,blue_ridge_2,30606,13059,Clarke,GA,Georgia,77.25,2020-12-03,9.856402523276167,41.19,2020-12-03
20,4816533,,28715,37021,Buncombe,NC,North Carolina,55.83,2020-12-03,6.943712508276273,53.75,2020-12-03
21,5348457,session_4,27514,37135,Orange,NC,North Carolina,38.07,2020-12-03,6.943712508276273,53.75,2020-12-03
22,5348458,session_4,27514,37135,Orange,NC,North Carolina,38.07,2020-12-03,6.943712508276273,53.75,2020-12-03
23,5382352,session_3,28804,37021,Buncombe,NC,North Carolina,55.83,2020-12-03,6.943712508276273,53.75,2020-12-03
24,5499260,session_3,24015,51770,Roanoke city,VA,Virginia,48.91,2020-12-03,7.213039599544036,23.7,2020-12-03
25,5669450,session_3,32746,12117,Seminole,FL,Florida,62.03,2020-12-03,13.702693708004492,49.61,2020-12-03
26,5788673,outer_banks_2,19702,10003,New Castle,DE,Delaware,2178.25,2020-12-03,8.675189920326106,77.84,2020-12-03
27,5970522,session_3,28405,37129,New Hanover,NC,North Carolina,69.23,2020-12-03,6.943712508276273,53.75,2020-12-03
28,5972481,outer_banks_1,28205,37119,Mecklenburg,NC,North Carolina,428.91,2020-12-03,6.943712508276273,53.75,2020-12-03
29,5974454,session_3,23226,51087,Henrico,VA,Virginia,100.93,2020-12-03,7.213039599544036,23.7,2020-12-03
30,6013825,outer_banks_1,30601,13059,Clarke,GA,Georgia,77.25,2020-12-03,9.856402523276167,41.19,2020-12-03
31,6013826,session_3,30601,13059,Clarke,GA,Georgia,77.25,2020-12-03,9.856402523276167,41.19,2020-12-03
32,6082382,outer_banks_1,27516,37135,Orange,NC,North Carolina,38.07,2020-12-03,6.943712508276273,53.75,2020-12-03
33,6097815,session_3,29412,45019,Charleston,SC,South Carolina,394.51,2020-12-03,9.107958025397085,43.27,2020-12-03
34,6101856,blue_ridge_1,28803,37021,Buncombe,NC,North Carolina,55.83,2020-12-03,6.943712508276273,53.75,2020-12-03
35,6104754,outer_banks_1,29605,45045,Greenville,SC,South Carolina,480.28,2020-12-03,9.107958025397085,43.27,2020-12-03
36,6104885,session_3,29605,45045,Greenville,SC,South Carolina,480.28,2020-12-03,9.107958025397085,43.27,2020-12-03
37,6114696,session_3,28804,37021,Buncombe,NC,North Carolina,55.83,2020-12-03,6.943712508276273,53.75,2020-12-03
38,6123844,session_2,27298,37081,Guilford,NC,North Carolina,166.11,2020-12-03,6.943712508276273,53.75,2020-12-03
39,6139517,,30097,13121,Fulton,GA,Georgia,397.8,2020-12-03,9.856402523276167,41.19,2020-12-03
40,6199650,session_3,30606,13059,Clarke,GA,Georgia,77.25,2020-12-03,9.856402523276167,41.19,2020-12-03
41,6200370,session_3,29412,45019,Charleston,SC,South Carolina,394.51,2020-12-03,9.107958025397085,43.27,2020-12-03
42,6223045,session_3,31092,13081,Crisp,GA,Georgia,9.03,2020-12-03,9.856402523276167,41.19,2020-12-03
43,6226462,session_3,29412,45019,Charleston,SC,South Carolina,394.51,2020-12-03,9.107958025397085,43.27,2020-12-03
44,6293451,session_3,29407,45019,Charleston,SC,South Carolina,394.51,2020-12-03,9.107958025397085,43.27,2020-12-03
45,6386404,outer_banks_1,29053,45063,Lexington,SC,South Carolina,227.67,2020-12-03,9.107958025397085,43.27,2020-12-03
46,6520683,session_4,28704,37021,Buncombe,NC,North Carolina,55.83,2020-12-03,6.943712508276273,53.75,2020-12-03
47,6593918,session_3,28718,37175,Transylvania,NC,North Carolina,5.47,2020-12-03,6.943712508276273,53.75,2020-12-03
48,6593921,session_3,28718,37175,Transylvania,NC,North Carolina,5.47,2020-12-03,6.943712508276273,53.75,2020-12-03
49,6617333,session_3_and_circumnavigate_grp_2-_base_camp_expedition,29401,45019,Charleston,SC,South Carolina,394.51,2020-12-03,9.107958025397085,43.27,2020-12-03
50,6683618,outer_banks_1,28803,37021,Buncombe,NC,North Carolina,55.83,2020-12-03,6.943712508276273,53.75,2020-12-03
51,6880345,session_3,07701,34025,Monmouth,NJ,New Jersey,244.46,2020-12-03,5.6825047645752615,53.96,2020-12-03
52,6904488,session_3,70115,22051,Jefferson,LA,Louisiana,523.32,2020-12-03,6.8911581661938035,59.0,2020-12-03
53,6968070,session_3,29464,45019,Charleston,SC,South Carolina,394.51,2020-12-03,9.107958025397085,43.27,2020-12-03
54,6989904,session_4,28443,37141,Pender,NC,North Carolina,18.57,2020-12-03,6.943712508276273,53.75,2020-12-03
55,6994083,session_6,28211,37119,Mecklenburg,NC,North Carolina,428.91,2020-12-03,6.943712508276273,53.75,2020-12-03
56,6995111,outer_banks_2,60305,17031,Cook,IL,Illinois,2512.06,2020-12-03,7.02883967262254,86.48,2020-12-03
57,7003884,session_4,27526,37183,Wake,NC,North Carolina,294.14,2020-12-03,6.943712508276273,53.75,2020-12-03
58,7019087,session_3,29455,45019,Charleston,SC,South Carolina,394.51,2020-12-03,9.107958025397085,43.27,2020-12-03
59,7041260,session_3,28277,37119,Mecklenburg,NC,North Carolina,428.91,2020-12-03,6.943712508276273,53.75,2020-12-03
60,7055623,session_3,27513,37183,Wake,NC,North Carolina,294.14,2020-12-03,6.943712508276273,53.75,2020-12-03
61,7173141,session_3,27612,37183,Wake,NC,North Carolina,294.14,2020-12-03,6.943712508276273,53.75,2020-12-03
62,7180064,session_3,30307,13121,Fulton,GA,Georgia,397.8,2020-12-03,9.856402523276167,41.19,2020-12-03
63,7253500,session_3,38237,47183,Weakley,TN,Tennessee,33.25,2020-12-03,8.393438256716175,58.09,2020-12-03
64,7295061,session_3,30327,13121,Fulton,GA,Georgia,397.8,2020-12-03,9.856402523276167,41.19,2020-12-03
65,7295274,session_3,30327,13121,Fulton,GA,Georgia,397.8,2020-12-03,9.856402523276167,41.19,2020-12-03
66,7358767,session_4,27516,37135,Orange,NC,North Carolina,38.07,2020-12-03,6.943712508276273,53.75,2020-12-03
67,7435732,session_3,29501,45041,Florence,SC,South Carolina,134.05,2020-12-03,9.107958025397085,43.27,2020-12-03
68,7438144,session_3,29501,45041,Florence,SC,South Carolina,134.05,2020-12-03,9.107958025397085,43.27,2020-12-03
69,7439717,session_3,28715,37021,Buncombe,NC,North Carolina,55.83,2020-12-03,6.943712508276273,53.75,2020-12-03
70,7459747,session_3,27514,37135,Orange,NC,North Carolina,38.07,2020-12-03,6.943712508276273,53.75,2020-12-03
71,7459748,session_3,27514,37135,Orange,NC,North Carolina,38.07,2020-12-03,6.943712508276273,53.75,2020-12-03
72,7545555,outer_banks_1,29651,45045,Greenville,SC,South Carolina,480.28,2020-12-03,9.107958025397085,43.27,2020-12-03
73,7619176,session_3,10028,36061,,NY,New York,,,3.3763459193222753,50.66,2020-12-03
74,7668685,session_2,30606,13059,Clarke,GA,Georgia,77.25,2020-12-03,9.856402523276167,41.19,2020-12-03
75,7682182,session_2,28226,37119,Mecklenburg,NC,North Carolina,428.91,2020-12-03,6.943712508276273,53.75,2020-12-03
76,7692691,session_3,27244,37081,Guilford,NC,North Carolina,166.11,2020-12-03,6.943712508276273,53.75,2020-12-03
77,7704096,session_3,27244,37081,Guilford,NC,North Carolina,166.11,2020-12-03,6.943712508276273,53.75,2020-12-03
78,7725978,session_3,37204,47037,Davidson,TN,Tennessee,710.07,2020-12-03,8.393438256716175,58.09,2020-12-03
79,7738016,session_6,29412,45019,Charleston,SC,South Carolina,394.51,2020-12-03,9.107958025397085,43.27,2020-12-03
80,7814002,session_3,34119,12071,Lee,FL,Florida,145.46,2020-12-03,13.702693708004492,49.61,2020-12-03
81,8002803,session_3,28207,37119,Mecklenburg,NC,North Carolina,428.91,2020-12-03,6.943712508276273,53.75,2020-12-03
82,8066449,session_3,29401,45019,Charleston,SC,South Carolina,394.51,2020-12-03,9.107958025397085,43.27,2020-12-03
83,8151512,session_3,29407,45019,Charleston,SC,South Carolina,394.51,2020-12-03,9.107958025397085,43.27,2020-12-03
84,8176650,session_3,30324,13121,Fulton,GA,Georgia,397.8,2020-12-03,9.856402523276167,41.19,2020-12-03
85,8197155,session_3,28277,37119,Mecklenburg,NC,North Carolina,428.91,2020-12-03,6.943712508276273,53.75,2020-12-03
86,8265824,session_2,30030,13089,DeKalb,GA,Georgia,269.65,2020-12-03,9.856402523276167,41.19,2020-12-03
87,8286991,session_3,29605,45045,Greenville,SC,South Carolina,480.28,2020-12-03,9.107958025397085,43.27,2020-12-03
88,8298482,session_3,01748,25017,Middlesex,MA,Massachusetts,709.41,2020-12-03,7.0279411618841685,96.84,2020-12-03
89,8309225,session_2,28226,37119,Mecklenburg,NC,North Carolina,428.91,2020-12-03,6.943712508276273,53.75,2020-12-03
90,8309627,session_2,28205,37119,Mecklenburg,NC,North Carolina,428.91,2020-12-03,6.943712508276273,53.75,2020-12-03
91,8313210,session_2,29464,45019,Charleston,SC,South Carolina,394.51,2020-12-03,9.107958025397085,43.27,2020-12-03
92,8392253,session_3,29403,45019,Charleston,SC,South Carolina,394.51,2020-12-03,9.107958025397085,43.27,2020-12-03
93,8401021,session_3,30307,13121,Fulton,GA,Georgia,397.8,2020-12-03,9.856402523276167,41.19,2020-12-03
94,8556305,session_3,29053,45063,Lexington,SC,South Carolina,227.67,2020-12-03,9.107958025397085,43.27,2020-12-03
95,8564547,session_3,70118,22071,Orleans,LA,Louisiana,356.65,2020-12-03,6.8911581661938035,59.0,2020-12-03
96,8564548,session_3,70118,22071,Orleans,LA,Louisiana,356.65,2020-12-03,6.8911581661938035,59.0,2020-12-03
97,8747957,session_4,29209,45079,Richland,SC,South Carolina,405.73,2020-12-03,9.107958025397085,43.27,2020-12-03
98,8758480,session_2_and_rock_climbing_1-_base_camp_expedition,29464,45019,Charleston,SC,South Carolina,394.51,2020-12-03,9.107958025397085,43.27,2020-12-03
99,8792358,blue_ridge_1,28411,37129,New Hanover,NC,North Carolina,69.23,2020-12-03,6.943712508276273,53.75,2020-12-03
100,8911161,session_4,28078,37119,Mecklenburg,NC,North Carolina,428.91,2020-12-03,6.943712508276273,53.75,2020-12-03
101,8921432,session_3,28207,37119,Mecklenburg,NC,North Carolina,428.91,2020-12-03,6.943712508276273,53.75,2020-12-03
102,9045386,session_4,29607,45045,Greenville,SC,South Carolina,480.28,2020-12-03,9.107958025397085,43.27,2020-12-03
103,9045635,session_4,29607,45045,Greenville,SC,South Carolina,480.28,2020-12-03,9.107958025397085,43.27,2020-12-03
104,9085575,session_2,30601,13059,Clarke,GA,Georgia,77.25,2020-12-03,9.856402523276167,41.19,2020-12-03
105,9088677,session_6,29412,45019,Charleston,SC,South Carolina,394.51,2020-12-03,9.107958025397085,43.27,2020-12-03
106,9125782,session_2,29464,45019,Charleston,SC,South Carolina,394.51,2020-12-03,9.107958025397085,43.27,2020-12-03
107,9148453,session_4,27510,37135,Orange,NC,North Carolina,38.07,2020-12-03,6.943712508276273,53.75,2020-12-03
108,9201341,session_2,30601,13059,Clarke,GA,Georgia,77.25,2020-12-03,9.856402523276167,41.19,2020-12-03
109,9204271,session_4,29407,45019,Charleston,SC,South Carolina,394.51,2020-12-03,9.107958025397085,43.27,2020-12-03
110,9204272,session_4,29407,45019,Charleston,SC,South Carolina,394.51,2020-12-03,9.107958025397085,43.27,2020-12-03
111,9431238,mountain_biking_2-_base_camp_expedition,29651,45045,Greenville,SC,South Carolina,480.28,2020-12-03,9.107958025397085,43.27,2020-12-03
112,9697427,session_4,28601,37035,Catawba,NC,North Carolina,69.17,2020-12-03,6.943712508276273,53.75,2020-12-03
113,9708103,,29407,45019,Charleston,SC,South Carolina,394.51,2020-12-03,9.107958025397085,43.27,2020-12-03
114,9709735,session_3,27612,37183,Wake,NC,North Carolina,294.14,2020-12-03,6.943712508276273,53.75,2020-12-03
115,9752264,session_3,28207,37119,Mecklenburg,NC,North Carolina,428.91,2020-12-03,6.943712508276273,53.75,2020-12-03
116,9752403,session_2,27516,37135,Orange,NC,North Carolina,38.07,2020-12-03,6.943712508276273,53.75,2020-12-03
117,9765236,session_2,29407,45019,Charleston,SC,South Carolina,394.51,2020-12-03,9.107958025397085,43.27,2020-12-03
118,9777509,session_4,27516,37135,Orange,NC,North Carolina,38.07,2020-12-03,6.943712508276273,53.75,2020-12-03
119,9777759,session_2,37350,47065,Hamilton,TN,Tennessee,285.55,2020-12-03,8.393438256716175,58.09,2020-12-03
120,9781612,session_6,27705,37063,Durham,NC,North Carolina,112.18,2020-12-03,6.943712508276273,53.75,2020-12-03
121,9788037,session_6,27705,37063,Durham,NC,North Carolina,112.18,2020-12-03,6.943712508276273,53.75,2020-12-03
122,9790290,session_6,28655,37021,Buncombe,NC,North Carolina,55.83,2020-12-03,6.943712508276273,53.75,2020-12-03
123,9791348,session_4,97707,41017,Deschutes,OR,Oregon,60.65,2020-12-03,7.560536371423285,26.15,2020-12-03
124,9794560,session_2,29464,45019,Charleston,SC,South Carolina,394.51,2020-12-03,9.107958025397085,43.27,2020-12-03
125,9795674,session_3,84060,49043,Summit,UT,Utah,72.71,2020-12-03,15.138142479831352,123.05,2020-12-03
126,9798234,session_3,29482,45019,Charleston,SC,South Carolina,394.51,2020-12-03,9.107958025397085,43.27,2020-12-03
127,9829143,session_2,30306,13121,Fulton,GA,Georgia,397.8,2020-12-03,9.856402523276167,41.19,2020-12-03
128,9855412,session_3,29405,45019,Charleston,SC,South Carolina,394.51,2020-12-03,9.107958025397085,43.27,2020-12-03
129,9856707,session_3,27614,37183,Wake,NC,North Carolina,294.14,2020-12-03,6.943712508276273,53.75,2020-12-03
130,9874616,session_2,28207,37119,Mecklenburg,NC,North Carolina,428.91,2020-12-03,6.943712508276273,53.75,2020-12-03
131,9879061,session_3,70118,22071,Orleans,LA,Louisiana,356.65,2020-12-03,6.8911581661938035,59.0,2020-12-03
132,9909332,session_2,30601,13059,Clarke,GA,Georgia,77.25,2020-12-03,9.856402523276167,41.19,2020-12-03
133,9924213,session_4,37917,47093,Knox,TN,Tennessee,302.13,2020-12-03,8.393438256716175,58.09,2020-12-03
134,9935375,session_6,27609,37183,Wake,NC,North Carolina,294.14,2020-12-03,6.943712508276273,53.75,2020-12-03
135,9967268,session_3,27705,37063,Durham,NC,North Carolina,112.18,2020-12-03,6.943712508276273,53.75,2020-12-03
136,9979661,session_3,27510,37135,Orange,NC,North Carolina,38.07,2020-12-03,6.943712508276273,53.75,2020-12-03
137,10011963,outer_banks_1,27707,37063,Durham,NC,North Carolina,112.18,2020-12-03,6.943712508276273,53.75,2020-12-03
138,10023125,session_2,27510,37135,Orange,NC,North Carolina,38.07,2020-12-03,6.943712508276273,53.75,2020-12-03
139,10023143,session_2,27510,37135,Orange,NC,North Carolina,38.07,2020-12-03,6.943712508276273,53.75,2020-12-03
140,10023736,session_4,28226,37119,Mecklenburg,NC,North Carolina,428.91,2020-12-03,6.943712508276273,53.75,2020-12-03
141,10025584,session_2,27278,37063,Durham,NC,North Carolina,112.18,2020-12-03,6.943712508276273,53.75,2020-12-03
142,10025604,session_2,27278,37063,Durham,NC,North Carolina,112.18,2020-12-03,6.943712508276273,53.75,2020-12-03
143,10051444,session_3,29681,45045,Greenville,SC,South Carolina,480.28,2020-12-03,9.107958025397085,43.27,2020-12-03
144,10108539,session_4,29902,45013,Beaufort,SC,South Carolina,141.74,2020-12-03,9.107958025397085,43.27,2020-12-03
145,10121565,session_4,32609,12001,Alachua,FL,Florida,61.08,2020-12-03,13.702693708004492,49.61,2020-12-03
146,10189208,session_2,28730,37021,Buncombe,NC,North Carolina,55.83,2020-12-03,6.943712508276273,53.75,2020-12-03
147,10227880,blue_ridge_2,29407,45019,Charleston,SC,South Carolina,394.51,2020-12-03,9.107958025397085,43.27,2020-12-03
148,10270049,session_4,27519,37183,Wake,NC,North Carolina,294.14,2020-12-03,6.943712508276273,53.75,2020-12-03
149,10270447,session_6,27312,37135,Orange,NC,North Carolina,38.07,2020-12-03,6.943712508276273,53.75,2020-12-03
150,10287363,session_2,27517,37063,Durham,NC,North Carolina,112.18,2020-12-03,6.943712508276273,53.75,2020-12-03
151,10332976,session_4,32751,12095,Orange,FL,Florida,278.38,2020-12-03,13.702693708004492,49.61,2020-12-03
152,10363284,session_3,28718,37175,Transylvania,NC,North Carolina,5.47,2020-12-03,6.943712508276273,53.75,2020-12-03
153,10520194,session_2,29205,45079,Richland,SC,South Carolina,405.73,2020-12-03,9.107958025397085,43.27,2020-12-03
154,10528712,session_5,29205,45079,Richland,SC,South Carolina,405.73,2020-12-03,9.107958025397085,43.27,2020-12-03
155,10631249,session_2,28655,37021,Buncombe,NC,North Carolina,55.83,2020-12-03,6.943712508276273,53.75,2020-12-03
156,10660879,session_2,28205,37119,Mecklenburg,NC,North Carolina,428.91,2020-12-03,6.943712508276273,53.75,2020-12-03
157,10660899,session_5,28205,37119,Mecklenburg,NC,North Carolina,428.91,2020-12-03,6.943712508276273,53.75,2020-12-03
158,10781053,session_5,27712,37063,Durham,NC,North Carolina,112.18,2020-12-03,6.943712508276273,53.75,2020-12-03
159,10842916,session_4,29407,45019,Charleston,SC,South Carolina,394.51,2020-12-03,9.107958025397085,43.27,2020-12-03
160,10855862,session_2,29487,45019,Charleston,SC,South Carolina,394.51,2020-12-03,9.107958025397085,43.27,2020-12-03
161,10873093,session_2,28209,37119,Mecklenburg,NC,North Carolina,428.91,2020-12-03,6.943712508276273,53.75,2020-12-03
162,10874199,session_2,29607,45045,Greenville,SC,South Carolina,480.28,2020-12-03,9.107958025397085,43.27,2020-12-03
163,10952918,session_4,30339,13121,Fulton,GA,Georgia,397.8,2020-12-03,9.856402523276167,41.19,2020-12-03
164,10961869,session_4,27607,37183,Wake,NC,North Carolina,294.14,2020-12-03,6.943712508276273,53.75,2020-12-03
165,11038587,session_2,29464,45019,Charleston,SC,South Carolina,394.51,2020-12-03,9.107958025397085,43.27,2020-12-03
166,11079570,session_5,27455,37081,Guilford,NC,North Carolina,166.11,2020-12-03,6.943712508276273,53.75,2020-12-03
167,11097303,session_2,29464,45019,Charleston,SC,South Carolina,394.51,2020-12-03,9.107958025397085,43.27,2020-12-03
168,11098233,session_2,40509,21067,Fayette,KY,Kentucky,408.36,2020-12-03,7.00367158023461,85.86,2020-12-03
169,11099046,session_5,15317,42003,Allegheny,PA,Pennsylvania,238.58,2020-12-03,11.868371850718262,89.1,2020-12-03
170,11099158,session_2,30601,13059,Clarke,GA,Georgia,77.25,2020-12-03,9.856402523276167,41.19,2020-12-03
171,11099818,session_1,39202,28049,Hinds,MS,Mississippi,353.44,2020-12-03,13.933036688157236,72.85,2020-12-03
172,11100102,session_2,30030,13089,DeKalb,GA,Georgia,269.65,2020-12-03,9.856402523276167,41.19,2020-12-03
173,11103505,session_2,30601,13059,Clarke,GA,Georgia,77.25,2020-12-03,9.856402523276167,41.19,2020-12-03
174,11122329,session_4,27705,37063,Durham,NC,North Carolina,112.18,2020-12-03,6.943712508276273,53.75,2020-12-03
175,11146109,,29407,45019,Charleston,SC,South Carolina,394.51,2020-12-03,9.107958025397085,43.27,2020-12-03
176,11162641,session_2,29615,45045,Greenville,SC,South Carolina,480.28,2020-12-03,9.107958025397085,43.27,2020-12-03
177,11197536,session_2,29414,45019,Charleston,SC,South Carolina,394.51,2020-12-03,9.107958025397085,43.27,2020-12-03
178,11201433,session_6,37377,47065,Hamilton,TN,Tennessee,285.55,2020-12-03,8.393438256716175,58.09,2020-12-03
179,11201454,session_6,37377,47065,Hamilton,TN,Tennessee,285.55,2020-12-03,8.393438256716175,58.09,2020-12-03
180,11204796,session_2,28211,37119,Mecklenburg,NC,North Carolina,428.91,2020-12-03,6.943712508276273,53.75,2020-12-03
181,11230447,session_2,32578,12091,Okaloosa,FL,Florida,43.91,2020-12-03,13.702693708004492,49.61,2020-12-03
182,11256555,session_4,29407,45019,Charleston,SC,South Carolina,394.51,2020-12-03,9.107958025397085,43.27,2020-12-03
183,11411575,session_2,28211,37119,Mecklenburg,NC,North Carolina,428.91,2020-12-03,6.943712508276273,53.75,2020-12-03
184,11444777,session_4,27106,37067,Forsyth,NC,North Carolina,132.46,2020-12-03,6.943712508276273,53.75,2020-12-03
185,11444828,session_4,27106,37067,Forsyth,NC,North Carolina,132.46,2020-12-03,6.943712508276273,53.75,2020-12-03
186,11479025,session_3,28749,37111,McDowell,NC,North Carolina,18.67,2020-12-03,6.943712508276273,53.75,2020-12-03
187,11491894,session_2,29439,45019,Charleston,SC,South Carolina,394.51,2020-12-03,9.107958025397085,43.27,2020-12-03
188,11492016,session_2,29439,45019,Charleston,SC,South Carolina,394.51,2020-12-03,9.107958025397085,43.27,2020-12-03
189,11507546,session_6,29412,45019,Charleston,SC,South Carolina,394.51,2020-12-03,9.107958025397085,43.27,2020-12-03
190,11596730,session_3,27516,37135,Orange,NC,North Carolina,38.07,2020-12-03,6.943712508276273,53.75,2020-12-03
191,11659983,session_2,29412,45019,Charleston,SC,South Carolina,394.51,2020-12-03,9.107958025397085,43.27,2020-12-03
192,11664475,session_2,29412,45019,Charleston,SC,South Carolina,394.51,2020-12-03,9.107958025397085,43.27,2020-12-03
193,11664906,session_3,28711,37021,Buncombe,NC,North Carolina,55.83,2020-12-03,6.943712508276273,53.75,2020-12-03
194,11708800,session_2,31522,13127,Glynn,GA,Georgia,41.53,2020-12-03,9.856402523276167,41.19,2020-12-03
195,11713296,session_2,31522,13127,Glynn,GA,Georgia,41.53,2020-12-03,9.856402523276167,41.19,2020-12-03
196,11785324,session_4,28690,37023,Burke,NC,North Carolina,39.91,2020-12-03,6.943712508276273,53.75,2020-12-03
197,11874962,session_4,28601,37035,Catawba,NC,North Carolina,69.17,2020-12-03,6.943712508276273,53.75,2020-12-03
198,11875177,session_4,28601,37035,Catawba,NC,North Carolina,69.17,2020-12-03,6.943712508276273,53.75,2020-12-03
199,12002018,session_6,29401,45019,Charleston,SC,South Carolina,394.51,2020-12-03,9.107958025397085,43.27,2020-12-03
200,12086728,session_6,29464,45019,Charleston,SC,South Carolina,394.51,2020-12-03,9.107958025397085,43.27,2020-12-03
201,12146534,session_4,29464,45019,Charleston,SC,South Carolina,394.51,2020-12-03,9.107958025397085,43.27,2020-12-03
202,12146535,session_4,29464,45019,Charleston,SC,South Carolina,394.51,2020-12-03,9.107958025397085,43.27,2020-12-03
203,12343563,session_3,07701,34025,Monmouth,NJ,New Jersey,244.46,2020-12-03,5.6825047645752615,53.96,2020-12-03
204,12343713,session_1,28209,37119,Mecklenburg,NC,North Carolina,428.91,2020-12-03,6.943712508276273,53.75,2020-12-03
205,12344049,session_5,27608,37183,Wake,NC,North Carolina,294.14,2020-12-03,6.943712508276273,53.75,2020-12-03
206,12344186,session_5,28804,37021,Buncombe,NC,North Carolina,55.83,2020-12-03,6.943712508276273,53.75,2020-12-03
207,12352969,session_5,75007,48113,Dallas,Ile de France,,,2020-12-03,,,
208,12356507,session_2,31522,13127,Glynn,GA,Georgia,41.53,2020-12-03,9.856402523276167,41.19,2020-12-03
209,12356918,session_2,27932,37041,Chowan,NC,North Carolina,6.25,2020-12-03,6.943712508276273,53.75,2020-12-03
210,12407809,session_3,29640,45077,Pickens,SC,South Carolina,130.83,2020-12-03,9.107958025397085,43.27,2020-12-03
211,12421052,session_5,22206,51059,Fairfax,VA,Virginia,373.91,2020-12-03,7.213039599544036,23.7,2020-12-03
212,12421080,session_5,22206,51059,Fairfax,VA,Virginia,373.91,2020-12-03,7.213039599544036,23.7,2020-12-03
213,12429010,session_2,29464,45019,Charleston,SC,South Carolina,394.51,2020-12-03,9.107958025397085,43.27,2020-12-03
214,12436618,session_1,30606,13059,Clarke,GA,Georgia,77.25,2020-12-03,9.856402523276167,41.19,2020-12-03
215,12442741,session_2,23226,51087,Henrico,VA,Virginia,100.93,2020-12-03,7.213039599544036,23.7,2020-12-03
216,12456560,session_1,30606,13059,Clarke,GA,Georgia,77.25,2020-12-03,9.856402523276167,41.19,2020-12-03
217,12457499,session_2,28718,37175,Transylvania,NC,North Carolina,5.47,2020-12-03,6.943712508276273,53.75,2020-12-03
218,12462064,session_1,28207,37119,Mecklenburg,NC,North Carolina,428.91,2020-12-03,6.943712508276273,53.75,2020-12-03
219,12464971,session_2,29487,45019,Charleston,SC,South Carolina,394.51,2020-12-03,9.107958025397085,43.27,2020-12-03
220,12469729,session_1,29209,45079,Richland,SC,South Carolina,405.73,2020-12-03,9.107958025397085,43.27,2020-12-03
221,12469754,session_1,29209,45079,Richland,SC,South Carolina,405.73,2020-12-03,9.107958025397085,43.27,2020-12-03
222,12470024,session_1,31522,13127,Glynn,GA,Georgia,41.53,2020-12-03,9.856402523276167,41.19,2020-12-03
223,12470576,session_6,27103,37067,Forsyth,NC,North Carolina,132.46,2020-12-03,6.943712508276273,53.75,2020-12-03
224,12470766,session_6,27103,37067,Forsyth,NC,North Carolina,132.46,2020-12-03,6.943712508276273,53.75,2020-12-03
225,12470834,session_5,29412,45019,Charleston,SC,South Carolina,394.51,2020-12-03,9.107958025397085,43.27,2020-12-03
226,12471297,session_5,29412,45019,Charleston,SC,South Carolina,394.51,2020-12-03,9.107958025397085,43.27,2020-12-03
227,12472517,session_3,29403,45019,Charleston,SC,South Carolina,394.51,2020-12-03,9.107958025397085,43.27,2020-12-03
228,12472563,session_3,29403,45019,Charleston,SC,South Carolina,394.51,2020-12-03,9.107958025397085,43.27,2020-12-03
229,12473577,session_1,31522,13127,Glynn,GA,Georgia,41.53,2020-12-03,9.856402523276167,41.19,2020-12-03
230,12473805,session_3,29403,45019,Charleston,SC,South Carolina,394.51,2020-12-03,9.107958025397085,43.27,2020-12-03
231,12473840,session_3,29403,45019,Charleston,SC,South Carolina,394.51,2020-12-03,9.107958025397085,43.27,2020-12-03
232,12478701,session_4,29464,45019,Charleston,SC,South Carolina,394.51,2020-12-03,9.107958025397085,43.27,2020-12-03
233,12481672,session_6,29464,45019,Charleston,SC,South Carolina,394.51,2020-12-03,9.107958025397085,43.27,2020-12-03
234,12506891,session_5,28204,37119,Mecklenburg,NC,North Carolina,428.91,2020-12-03,6.943712508276273,53.75,2020-12-03
235,12507969,session_3,70115,22051,Jefferson,LA,Louisiana,523.32,2020-12-03,6.8911581661938035,59.0,2020-12-03
236,12520897,,28036,37119,Mecklenburg,NC,North Carolina,428.91,2020-12-03,6.943712508276273,53.75,2020-12-03
237,12542892,session_2,70118,22071,Orleans,LA,Louisiana,356.65,2020-12-03,6.8911581661938035,59.0,2020-12-03
238,12547291,session_2,75035,48085,Collin,TX,Texas,96.04,2020-12-03,11.028988839247422,49.8,2020-12-03
239,12614084,session_2,29464,45019,Charleston,SC,South Carolina,394.51,2020-12-03,9.107958025397085,43.27,2020-12-03
240,12648730,session_1,37917,47093,Knox,TN,Tennessee,302.13,2020-12-03,8.393438256716175,58.09,2020-12-03
241,12676987,session_1,20009,11001,District of Columbia,DC,District of Columbia,3140.49,2020-12-03,3.121729712066773,45.63,2020-12-03
242,12677359,session_2,27278,37063,Durham,NC,North Carolina,112.18,2020-12-03,6.943712508276273,53.75,2020-12-03
243,12720520,session_4,27514,37135,Orange,NC,North Carolina,38.07,2020-12-03,6.943712508276273,53.75,2020-12-03
244,12734844,session_5,28337,37017,Bladen,NC,North Carolina,13.25,2020-12-03,6.943712508276273,53.75,2020-12-03
245,12742992,session_5,37405,47065,Hamilton,TN,Tennessee,285.55,2020-12-03,8.393438256716175,58.09,2020-12-03
246,12765075,session_6,28209,37119,Mecklenburg,NC,North Carolina,428.91,2020-12-03,6.943712508276273,53.75,2020-12-03
247,12765823,session_1,37212,47037,Davidson,TN,Tennessee,710.07,2020-12-03,8.393438256716175,58.09,2020-12-03
248,12783185,session_4,29464,45019,Charleston,SC,South Carolina,394.51,2020-12-03,9.107958025397085,43.27,2020-12-03
249,12870711,session_5,27516,37135,Orange,NC,North Carolina,38.07,2020-12-03,6.943712508276273,53.75,2020-12-03
250,12910849,session_1,28226,37119,Mecklenburg,NC,North Carolina,428.91,2020-12-03,6.943712508276273,53.75,2020-12-03
251,12939683,session_4,29910,45013,Beaufort,SC,South Carolina,141.74,2020-12-03,9.107958025397085,43.27,2020-12-03
252,12962577,session_3,10028,36061,,NY,New York,,,3.3763459193222753,50.66,2020-12-03
253,13039129,,28205,37119,Mecklenburg,NC,North Carolina,428.91,2020-12-03,6.943712508276273,53.75,2020-12-03
254,13116424,session_2,29650,45045,Greenville,SC,South Carolina,480.28,2020-12-03,9.107958025397085,43.27,2020-12-03
255,13310496,session_1,28210,37119,Mecklenburg,NC,North Carolina,428.91,2020-12-03,6.943712508276273,53.75,2020-12-03
256,13338017,session_1,29464,45019,Charleston,SC,South Carolina,394.51,2020-12-03,9.107958025397085,43.27,2020-12-03
257,13338613,session_1,37919,47093,Knox,TN,Tennessee,302.13,2020-12-03,8.393438256716175,58.09,2020-12-03
258,13338951,session_2,30030,13089,DeKalb,GA,Georgia,269.65,2020-12-03,9.856402523276167,41.19,2020-12-03
259,13339514,session_5,30907,13245,Richmond,GA,Georgia,101.52,2020-12-03,9.856402523276167,41.19,2020-12-03
260,13339963,session_2,29407,45019,Charleston,SC,South Carolina,394.51,2020-12-03,9.107958025397085,43.27,2020-12-03
261,13340055,session_3,28749,37111,McDowell,NC,North Carolina,18.67,2020-12-03,6.943712508276273,53.75,2020-12-03
262,13351847,session_1,29464,45019,Charleston,SC,South Carolina,394.51,2020-12-03,9.107958025397085,43.27,2020-12-03
263,13357239,session_1,28226,37119,Mecklenburg,NC,North Carolina,428.91,2020-12-03,6.943712508276273,53.75,2020-12-03
264,13357245,session_1,28226,37119,Mecklenburg,NC,North Carolina,428.91,2020-12-03,6.943712508276273,53.75,2020-12-03
265,13357766,session_2,27517,37063,Durham,NC,North Carolina,112.18,2020-12-03,6.943712508276273,53.75,2020-12-03
266,13357864,session_4,29902,45013,Beaufort,SC,South Carolina,141.74,2020-12-03,9.107958025397085,43.27,2020-12-03
267,13359784,session_1,28411,37129,New Hanover,NC,North Carolina,69.23,2020-12-03,6.943712508276273,53.75,2020-12-03
268,13361286,session_1,30066,13067,Cobb,GA,Georgia,295.18,2020-12-03,9.856402523276167,41.19,2020-12-03
269,13362028,session_4,28226,37119,Mecklenburg,NC,North Carolina,428.91,2020-12-03,6.943712508276273,53.75,2020-12-03
270,13431918,,32256,12031,Duval,FL,Florida,212.2,2020-12-03,13.702693708004492,49.61,2020-12-03
271,13434086,session_4,10025,36061,,NY,New York,,,3.3763459193222753,50.66,2020-12-03
272,13434639,session_5,75007,48113,Dallas,Ile de France,,,2020-12-03,,,
273,13443210,session_5,27612,37183,Wake,NC,North Carolina,294.14,2020-12-03,6.943712508276273,53.75,2020-12-03
274,13443472,session_1,29532,45041,Florence,SC,South Carolina,134.05,2020-12-03,9.107958025397085,43.27,2020-12-03
275,13457243,session_3,27514,37135,Orange,NC,North Carolina,38.07,2020-12-03,6.943712508276273,53.75,2020-12-03
276,13458050,session_1,27514,37135,Orange,NC,North Carolina,38.07,2020-12-03,6.943712508276273,53.75,2020-12-03
277,2754923,western_expedition,29204,45079,Richland,SC,South Carolina,405.73,2020-12-03,9.107958025397085,43.27,2020-12-03
278,3356482,leadership_in_training_(lit)_1,29206,45079,Richland,SC,South Carolina,405.73,2020-12-03,9.107958025397085,43.27,2020-12-03
279,3393847,leadership_in_training_(lit)_1,28205,37119,Mecklenburg,NC,North Carolina,428.91,2020-12-03,6.943712508276273,53.75,2020-12-03
280,3697157,leadership_in_training_(lit)_2,28209,37119,Mecklenburg,NC,North Carolina,428.91,2020-12-03,6.943712508276273,53.75,2020-12-03
281,4255268,leadership_in_training_(lit)_1,60048,17097,Lake,IL,Illinois,308.17,2020-12-03,7.02883967262254,86.48,2020-12-03
282,4665995,western_expedition,79124,48381,Randall,TX,Texas,40.14,2020-12-03,11.028988839247422,49.8,2020-12-03
283,5025448,western_expedition,32312,12073,Leon,FL,Florida,72.19,2020-12-03,13.702693708004492,49.61,2020-12-03
284,5663967,leadership_in_training_(lit)_2,28211,37119,Mecklenburg,NC,North Carolina,428.91,2020-12-03,6.943712508276273,53.75,2020-12-03
285,6184615,western_expedition,29407,45019,Charleston,SC,South Carolina,394.51,2020-12-03,9.107958025397085,43.27,2020-12-03
286,6304836,western_expedition,10522,36119,Westchester,NY,New York,269.45,2020-12-03,3.3763459193222753,50.66,2020-12-03
287,6569953,session_6,27705,37063,Durham,NC,North Carolina,112.18,2020-12-03,6.943712508276273,53.75,2020-12-03
288,6594120,leadership_in_training_(lit)_1,27278,37063,Durham,NC,North Carolina,112.18,2020-12-03,6.943712508276273,53.75,2020-12-03
289,6904511,session_3,70115,22051,Jefferson,LA,Louisiana,523.32,2020-12-03,6.8911581661938035,59.0,2020-12-03
290,7831080,leadership_in_training_(lit)_2,29492,45015,Berkeley,SC,South Carolina,141.76,2020-12-03,9.107958025397085,43.27,2020-12-03
291,8427881,session_6,27705,37063,Durham,NC,North Carolina,112.18,2020-12-03,6.943712508276273,53.75,2020-12-03
292,8504345,session_3,28655,37021,Buncombe,NC,North Carolina,55.83,2020-12-03,6.943712508276273,53.75,2020-12-03
293,8652153,session_4,29464,45019,Charleston,SC,South Carolina,394.51,2020-12-03,9.107958025397085,43.27,2020-12-03
294,9130605,session_2,29681,45045,Greenville,SC,South Carolina,480.28,2020-12-03,9.107958025397085,43.27,2020-12-03
295,9780880,session_6,27514,37135,Orange,NC,North Carolina,38.07,2020-12-03,6.943712508276273,53.75,2020-12-03
296,10275237,session_4,33021,12011,Broward,FL,Florida,514.57,2020-12-03,13.702693708004492,49.61,2020-12-03
297,11290673,session_4,29466,45019,Charleston,SC,South Carolina,394.51,2020-12-03,9.107958025397085,43.27,2020-12-03
298,11302964,session_6,27705,37063,Durham,NC,North Carolina,112.18,2020-12-03,6.943712508276273,53.75,2020-12-03
299,11303298,session_6,27705,37063,Durham,NC,North Carolina,112.18,2020-12-03,6.943712508276273,53.75,2020-12-03
300,11882288,session_6,28227,37119,Mecklenburg,NC,North Carolina,428.91,2020-12-03,6.943712508276273,53.75,2020-12-03
301,11893631,session_5,29466,45019,Charleston,SC,South Carolina,394.51,2020-12-03,9.107958025397085,43.27,2020-12-03
302,11897430,session_4,76209,48121,Denton,TX,Texas,86.54,2020-12-03,11.028988839247422,49.8,2020-12-03
303,12123024,session_4,33021,12011,Broward,FL,Florida,514.57,2020-12-03,13.702693708004492,49.61,2020-12-03
304,12445251,session_2,23226,51087,Henrico,VA,Virginia,100.93,2020-12-03,7.213039599544036,23.7,2020-12-03
305,12455775,session_5,29401,45019,Charleston,SC,South Carolina,394.51,2020-12-03,9.107958025397085,43.27,2020-12-03
306,12604868,session_2,29464,45019,Charleston,SC,South Carolina,394.51,2020-12-03,9.107958025397085,43.27,2020-12-03
307,12618333,session_6,27701,37063,Durham,NC,North Carolina,112.18,2020-12-03,6.943712508276273,53.75,2020-12-03
308,12723231,session_4,27516,37135,Orange,NC,North Carolina,38.07,2020-12-03,6.943712508276273,53.75,2020-12-03
309,12755623,session_5,27519,37183,Wake,NC,North Carolina,294.14,2020-12-03,6.943712508276273,53.75,2020-12-03
310,12763542,session_3,37215,47037,Davidson,TN,Tennessee,710.07,2020-12-03,8.393438256716175,58.09,2020-12-03
311,13464223,session_5,32766,12117,Seminole,FL,Florida,62.03,2020-12-03,13.702693708004492,49.61,2020-12-03
312,13464238,session_5,32766,12117,Seminole,FL,Florida,62.03,2020-12-03,13.702693708004492,49.61,2020-12-03
313,13464360,session_5,33076,12011,Broward,FL,Florida,514.57,2020-12-03,13.702693708004492,49.61,2020-12-03
314,13471363,session_2,30306,13121,Fulton,GA,Georgia,397.8,2020-12-03,9.856402523276167,41.19,2020-12-03
315,13474100,session_1,40207,21111,Jefferson,KY,Kentucky,901.92,2020-12-03,7.00367158023461,85.86,2020-12-03
316,13490328,session_1,40207,21111,Jefferson,KY,Kentucky,901.92,2020-12-03,7.00367158023461,85.86,2020-12-03
317,13495253,session_4,27517,37063,Durham,NC,North Carolina,112.18,2020-12-03,6.943712508276273,53.75,2020-12-03
318,13495284,session_4,27517,37063,Durham,NC,North Carolina,112.18,2020-12-03,6.943712508276273,53.75,2020-12-03
319,13505361,,28043,37161,Rutherford,NC,North Carolina,24.69,2020-12-03,6.943712508276273,53.75,2020-12-03
320,13514809,session_3,37215,47037,Davidson,TN,Tennessee,710.07,2020-12-03,8.393438256716175,58.09,2020-12-03
321,13516155,session_5,27609,37183,Wake,NC,North Carolina,294.14,2020-12-03,6.943712508276273,53.75,2020-12-03
